state,year,pitYear,acsYear,category,pctDiffPopHmls,pctHomeless,pctPopulation
Alabama,2017,2017,2016,black,0.276,0.544,0.268
Alaska,2017,2017,2016,black,0.042,0.080,0.038
Arizona,2017,2017,2016,black,0.131,0.180,0.049
Arkansas,2017,2017,2016,black,0.205,0.362,0.157
California,2017,2017,2016,black,0.259,0.324,0.065
Colorado,2017,2017,2016,black,0.119,0.163,0.045
Connecticut,2017,2017,2016,black,0.279,0.396,0.118
Delaware,2017,2017,2016,black,0.322,0.547,0.226
District of Columbia,2017,2017,2016,black,0.421,0.898,0.477
Florida,2017,2017,2016,black,0.203,0.371,0.168
Georgia,2017,2017,2016,black,0.358,0.678,0.320
Hawaii,2017,2017,2016,black,0.014,0.035,0.022
Idaho,2017,2017,2016,black,0.028,0.037,0.008
Illinois,2017,2017,2016,black,0.444,0.590,0.147
Indiana,2017,2017,2016,black,0.248,0.345,0.097
Iowa,2017,2017,2016,black,0.252,0.288,0.037
Kansas,2017,2017,2016,black,0.131,0.193,0.062
Kentucky,2017,2017,2016,black,0.168,0.251,0.083
Louisiana,2017,2017,2016,black,0.256,0.581,0.326
Maine,2017,2017,2016,black,0.110,0.125,0.015
Maryland,2017,2017,2016,black,0.292,0.599,0.307
Massachusetts,2017,2017,2016,black,0.246,0.332,0.086
Michigan,2017,2017,2016,black,0.377,0.519,0.142
Minnesota,2017,2017,2016,black,0.367,0.430,0.062
Mississippi,2017,2017,2016,black,0.174,0.551,0.377
Missouri,2017,2017,2016,black,0.307,0.425,0.118
Montana,2017,2017,2016,black,0.016,0.022,0.006
Nebraska,2017,2017,2016,black,0.182,0.232,0.050
Nevada,2017,2017,2016,black,0.201,0.297,0.096
New Hampshire,2017,2017,2016,black,0.038,0.053,0.015
New Jersey,2017,2017,2016,black,0.392,0.541,0.150
New Mexico,2017,2017,2016,black,0.032,0.057,0.025
New York,2017,2017,2016,black,0.510,0.687,0.177
North Carolina,2017,2017,2016,black,0.286,0.508,0.222
North Dakota,2017,2017,2016,black,0.087,0.117,0.029
Ohio,2017,2017,2016,black,0.324,0.452,0.128
Oklahoma,2017,2017,2016,black,0.105,0.183,0.078
Oregon,2017,2017,2016,black,0.038,0.060,0.021
Pennsylvania,2017,2017,2016,black,0.409,0.527,0.118
Rhode Island,2017,2017,2016,black,0.181,0.262,0.081
South Carolina,2017,2017,2016,black,0.288,0.563,0.275
South Dakota,2017,2017,2016,black,0.027,0.047,0.020
Tennessee,2017,2017,2016,black,0.215,0.386,0.171
Texas,2017,2017,2016,black,0.253,0.379,0.126
Utah,2017,2017,2016,black,0.085,0.099,0.014
Vermont,2017,2017,2016,black,0.051,0.064,0.013
Virginia,2017,2017,2016,black,0.336,0.534,0.198
Washington,2017,2017,2016,black,0.156,0.197,0.041
West Virginia,2017,2017,2016,black,0.127,0.163,0.036
Wisconsin,2017,2017,2016,black,0.261,0.327,0.066
Wyoming,2017,2017,2016,black,0.036,0.049,0.013
Puerto Rico,2017,2017,2016,black,0.064,0.180,0.116
Alabama,2017,2017,2016,white,-0.275,0.418,0.693
Alaska,2017,2017,2016,white,-0.314,0.347,0.661
Arizona,2017,2017,2016,white,-0.153,0.680,0.833
Arkansas,2017,2017,2016,white,-0.208,0.587,0.794
California,2017,2017,2016,white,-0.205,0.522,0.727
Colorado,2017,2017,2016,white,-0.164,0.711,0.875
Connecticut,2017,2017,2016,white,-0.289,0.517,0.806
Delaware,2017,2017,2016,white,-0.301,0.400,0.701
District of Columbia,2017,2017,2016,white,-0.382,0.064,0.446
Florida,2017,2017,2016,white,-0.198,0.578,0.776
Georgia,2017,2017,2016,white,-0.336,0.276,0.612
Hawaii,2017,2017,2016,white,-0.038,0.221,0.258
Idaho,2017,2017,2016,white,-0.052,0.881,0.933
Illinois,2017,2017,2016,white,-0.410,0.363,0.772
Indiana,2017,2017,2016,white,-0.252,0.604,0.856
Iowa,2017,2017,2016,white,-0.314,0.600,0.914
Kansas,2017,2017,2016,white,-0.182,0.684,0.866
Kentucky,2017,2017,2016,white,-0.177,0.703,0.880
Louisiana,2017,2017,2016,white,-0.248,0.383,0.632
Maine,2017,2017,2016,white,-0.135,0.813,0.948
Maryland,2017,2017,2016,white,-0.251,0.342,0.593
Massachusetts,2017,2017,2016,white,-0.248,0.570,0.818
Michigan,2017,2017,2016,white,-0.373,0.423,0.796
Minnesota,2017,2017,2016,white,-0.500,0.350,0.850
Mississippi,2017,2017,2016,white,-0.178,0.415,0.593
Missouri,2017,2017,2016,white,-0.328,0.504,0.832
Montana,2017,2017,2016,white,-0.243,0.649,0.892
Nebraska,2017,2017,2016,white,-0.223,0.665,0.889
Nevada,2017,2017,2016,white,-0.163,0.589,0.751
New Hampshire,2017,2017,2016,white,-0.068,0.870,0.938
New Jersey,2017,2017,2016,white,-0.311,0.413,0.724
New Mexico,2017,2017,2016,white,-0.216,0.610,0.826
New York,2017,2017,2016,white,-0.477,0.222,0.699
North Carolina,2017,2017,2016,white,-0.292,0.418,0.710
North Dakota,2017,2017,2016,white,-0.542,0.337,0.879
Ohio,2017,2017,2016,white,-0.336,0.489,0.825
Oklahoma,2017,2017,2016,white,-0.128,0.618,0.746
Oregon,2017,2017,2016,white,-0.062,0.812,0.874
Pennsylvania,2017,2017,2016,white,-0.409,0.415,0.824
Rhode Island,2017,2017,2016,white,-0.199,0.646,0.844
South Carolina,2017,2017,2016,white,-0.293,0.391,0.685
South Dakota,2017,2017,2016,white,-0.523,0.329,0.852
Tennessee,2017,2017,2016,white,-0.212,0.575,0.787
Texas,2017,2017,2016,white,-0.239,0.555,0.794
Utah,2017,2017,2016,white,-0.138,0.772,0.911
Vermont,2017,2017,2016,white,-0.054,0.892,0.946
Virginia,2017,2017,2016,white,-0.302,0.398,0.700
Washington,2017,2017,2016,white,-0.215,0.585,0.800
West Virginia,2017,2017,2016,white,-0.125,0.811,0.936
Wisconsin,2017,2017,2016,white,-0.327,0.548,0.875
Wyoming,2017,2017,2016,white,-0.182,0.746,0.928
Puerto Rico,2017,2017,2016,white,-0.211,0.457,0.668
Alabama,2017,2017,2016,asian,-0.012,0.002,0.014
Alaska,2017,2017,2016,asian,-0.052,0.011,0.063
Arizona,2017,2017,2016,asian,-0.028,0.006,0.034
Arkansas,2017,2017,2016,asian,-0.012,0.004,0.016
California,2017,2017,2016,asian,-0.129,0.019,0.148
Colorado,2017,2017,2016,asian,-0.028,0.005,0.033
Connecticut,2017,2017,2016,asian,-0.037,0.010,0.047
Delaware,2017,2017,2016,asian,-0.036,0.004,0.040
District of Columbia,2017,2017,2016,asian,-0.036,0.005,0.041
Florida,2017,2017,2016,asian,-0.025,0.004,0.029
Georgia,2017,2017,2016,asian,-0.037,0.004,0.041
Hawaii,2017,2017,2016,asian,-0.286,0.091,0.377
Idaho,2017,2017,2016,asian,-0.006,0.008,0.015
Illinois,2017,2017,2016,asian,-0.048,0.007,0.055
Indiana,2017,2017,2016,asian,-0.017,0.006,0.022
Iowa,2017,2017,2016,asian,-0.018,0.007,0.025
Kansas,2017,2017,2016,asian,-0.025,0.005,0.030
Kentucky,2017,2017,2016,asian,-0.010,0.004,0.015
Louisiana,2017,2017,2016,asian,-0.015,0.004,0.018
Maine,2017,2017,2016,asian,-0.008,0.005,0.012
Maryland,2017,2017,2016,asian,-0.060,0.006,0.066
Massachusetts,2017,2017,2016,asian,-0.057,0.010,0.067
Michigan,2017,2017,2016,asian,-0.028,0.002,0.031
Minnesota,2017,2017,2016,asian,-0.035,0.014,0.049
Mississippi,2017,2017,2016,asian,-0.008,0.003,0.011
Missouri,2017,2017,2016,asian,-0.016,0.004,0.020
Montana,2017,2017,2016,asian,-0.006,0.003,0.008
Nebraska,2017,2017,2016,asian,-0.017,0.008,0.025
Nevada,2017,2017,2016,asian,-0.063,0.023,0.087
New Hampshire,2017,2017,2016,asian,-0.019,0.008,0.027
New Jersey,2017,2017,2016,asian,-0.089,0.009,0.098
New Mexico,2017,2017,2016,asian,-0.013,0.004,0.017
New York,2017,2017,2016,asian,-0.077,0.012,0.089
North Carolina,2017,2017,2016,asian,-0.025,0.004,0.029
North Dakota,2017,2017,2016,asian,-0.010,0.006,0.015
Ohio,2017,2017,2016,asian,-0.019,0.003,0.022
Oklahoma,2017,2017,2016,asian,-0.021,0.002,0.022
Oregon,2017,2017,2016,asian,-0.039,0.006,0.045
Pennsylvania,2017,2017,2016,asian,-0.029,0.005,0.035
Rhode Island,2017,2017,2016,asian,-0.029,0.007,0.036
South Carolina,2017,2017,2016,asian,-0.014,0.002,0.016
South Dakota,2017,2017,2016,asian,-0.012,0.003,0.015
Tennessee,2017,2017,2016,asian,-0.014,0.004,0.018
Texas,2017,2017,2016,asian,-0.038,0.011,0.048
Utah,2017,2017,2016,asian,-0.016,0.009,0.025
Vermont,2017,2017,2016,asian,-0.012,0.006,0.018
Virginia,2017,2017,2016,asian,-0.052,0.014,0.066
Washington,2017,2017,2016,asian,-0.071,0.015,0.086
West Virginia,2017,2017,2016,asian,-0.007,0.002,0.008
Wisconsin,2017,2017,2016,asian,-0.015,0.014,0.028
Wyoming,2017,2017,2016,asian,-0.008,0.002,0.010
Puerto Rico,2017,2017,2016,asian,-0.001,0.001,0.002
Alabama,2017,2017,2016,nativeAmerican,-0.001,0.006,0.007
Alaska,2017,2017,2016,nativeAmerican,0.266,0.417,0.152
Arizona,2017,2017,2016,nativeAmerican,0.025,0.079,0.054
Arkansas,2017,2017,2016,nativeAmerican,0.000,0.010,0.010
California,2017,2017,2016,nativeAmerican,0.026,0.043,0.017
Colorado,2017,2017,2016,nativeAmerican,0.034,0.050,0.016
Connecticut,2017,2017,2016,nativeAmerican,0.001,0.006,0.005
Delaware,2017,2017,2016,nativeAmerican,-0.005,0.001,0.006
District of Columbia,2017,2017,2016,nativeAmerican,-0.003,0.003,0.006
Florida,2017,2017,2016,nativeAmerican,0.004,0.009,0.005
Georgia,2017,2017,2016,nativeAmerican,0.002,0.007,0.005
Hawaii,2017,2017,2016,nativeAmerican,0.011,0.015,0.004
Idaho,2017,2017,2016,nativeAmerican,0.012,0.029,0.018
Illinois,2017,2017,2016,nativeAmerican,0.000,0.006,0.006
Indiana,2017,2017,2016,nativeAmerican,0.004,0.008,0.004
Iowa,2017,2017,2016,nativeAmerican,0.022,0.027,0.005
Kansas,2017,2017,2016,nativeAmerican,0.035,0.047,0.012
Kentucky,2017,2017,2016,nativeAmerican,0.001,0.004,0.003
Louisiana,2017,2017,2016,nativeAmerican,0.001,0.008,0.008
Maine,2017,2017,2016,nativeAmerican,0.010,0.017,0.007
Maryland,2017,2017,2016,nativeAmerican,0.002,0.007,0.006
Massachusetts,2017,2017,2016,nativeAmerican,0.000,0.005,0.005
Michigan,2017,2017,2016,nativeAmerican,0.005,0.012,0.007
Minnesota,2017,2017,2016,nativeAmerican,0.119,0.133,0.013
Mississippi,2017,2017,2016,nativeAmerican,0.014,0.020,0.006
Missouri,2017,2017,2016,nativeAmerican,0.007,0.013,0.006
Montana,2017,2017,2016,nativeAmerican,0.165,0.232,0.066
Nebraska,2017,2017,2016,nativeAmerican,0.034,0.049,0.014
Nevada,2017,2017,2016,nativeAmerican,0.012,0.029,0.016
New Hampshire,2017,2017,2016,nativeAmerican,0.000,0.003,0.003
New Jersey,2017,2017,2016,nativeAmerican,0.005,0.011,0.006
New Mexico,2017,2017,2016,nativeAmerican,0.157,0.262,0.106
New York,2017,2017,2016,nativeAmerican,-0.002,0.008,0.010
North Carolina,2017,2017,2016,nativeAmerican,0.006,0.021,0.016
North Dakota,2017,2017,2016,nativeAmerican,0.153,0.208,0.055
Ohio,2017,2017,2016,nativeAmerican,0.002,0.005,0.003
Oklahoma,2017,2017,2016,nativeAmerican,0.046,0.137,0.092
Oregon,2017,2017,2016,nativeAmerican,0.024,0.042,0.018
Pennsylvania,2017,2017,2016,nativeAmerican,0.000,0.003,0.004
Rhode Island,2017,2017,2016,nativeAmerican,0.004,0.014,0.010
South Carolina,2017,2017,2016,nativeAmerican,0.003,0.008,0.005
South Dakota,2017,2017,2016,nativeAmerican,0.507,0.597,0.090
Tennessee,2017,2017,2016,nativeAmerican,0.003,0.007,0.004
Texas,2017,2017,2016,nativeAmerican,0.004,0.014,0.010
Utah,2017,2017,2016,nativeAmerican,0.040,0.056,0.016
Vermont,2017,2017,2016,nativeAmerican,0.001,0.005,0.004
Virginia,2017,2017,2016,nativeAmerican,0.000,0.005,0.005
Washington,2017,2017,2016,nativeAmerican,0.042,0.061,0.019
West Virginia,2017,2017,2016,nativeAmerican,0.001,0.004,0.002
Wisconsin,2017,2017,2016,nativeAmerican,0.027,0.039,0.011
Wyoming,2017,2017,2016,nativeAmerican,0.139,0.166,0.027
Puerto Rico,2017,2017,2016,nativeAmerican,0.002,0.005,0.002
Alabama,2017,2017,2016,nhpi,-0.001,0.000,0.001
Alaska,2017,2017,2016,nhpi,0.024,0.037,0.013
Arizona,2017,2017,2016,nhpi,0.002,0.005,0.003
Arkansas,2017,2017,2016,nhpi,0.000,0.003,0.003
California,2017,2017,2016,nhpi,0.006,0.011,0.005
Colorado,2017,2017,2016,nhpi,0.002,0.004,0.002
Connecticut,2017,2017,2016,nhpi,0.012,0.013,0.001
Delaware,2017,2017,2016,nhpi,0.004,0.005,0.001
District of Columbia,2017,2017,2016,nhpi,0.001,0.003,0.002
Florida,2017,2017,2016,nhpi,0.002,0.003,0.001
Georgia,2017,2017,2016,nhpi,0.001,0.002,0.001
Hawaii,2017,2017,2016,nhpi,0.300,0.402,0.102
Idaho,2017,2017,2016,nhpi,0.005,0.007,0.002
Illinois,2017,2017,2016,nhpi,0.001,0.002,0.001
Indiana,2017,2017,2016,nhpi,0.003,0.004,0.001
Iowa,2017,2017,2016,nhpi,0.004,0.005,0.001
Kansas,2017,2017,2016,nhpi,0.004,0.005,0.001
Kentucky,2017,2017,2016,nhpi,0.000,0.000,0.001
Louisiana,2017,2017,2016,nhpi,0.003,0.003,0.001
Maine,2017,2017,2016,nhpi,0.004,0.004,0.000
Maryland,2017,2017,2016,nhpi,0.002,0.003,0.001
Massachusetts,2017,2017,2016,nhpi,0.004,0.005,0.001
Michigan,2017,2017,2016,nhpi,0.000,0.001,0.000
Minnesota,2017,2017,2016,nhpi,0.001,0.002,0.001
Mississippi,2017,2017,2016,nhpi,-0.001,0.000,0.001
Missouri,2017,2017,2016,nhpi,0.000,0.002,0.001
Montana,2017,2017,2016,nhpi,0.005,0.006,0.001
Nebraska,2017,2017,2016,nhpi,0.000,0.002,0.001
Nevada,2017,2017,2016,nhpi,0.002,0.010,0.008
New Hampshire,2017,2017,2016,nhpi,-0.001,0.000,0.001
New Jersey,2017,2017,2016,nhpi,0.003,0.004,0.001
New Mexico,2017,2017,2016,nhpi,0.002,0.004,0.002
New York,2017,2017,2016,nhpi,0.012,0.013,0.001
North Carolina,2017,2017,2016,nhpi,0.001,0.002,0.001
North Dakota,2017,2017,2016,nhpi,-0.001,0.000,0.001
Ohio,2017,2017,2016,nhpi,0.002,0.002,0.001
Oklahoma,2017,2017,2016,nhpi,0.002,0.004,0.002
Oregon,2017,2017,2016,nhpi,0.008,0.013,0.004
Pennsylvania,2017,2017,2016,nhpi,0.002,0.003,0.001
Rhode Island,2017,2017,2016,nhpi,0.001,0.003,0.002
South Carolina,2017,2017,2016,nhpi,0.000,0.001,0.001
South Dakota,2017,2017,2016,nhpi,0.008,0.008,0.001
Tennessee,2017,2017,2016,nhpi,0.000,0.001,0.001
Texas,2017,2017,2016,nhpi,0.001,0.003,0.001
Utah,2017,2017,2016,nhpi,0.006,0.016,0.010
Vermont,2017,2017,2016,nhpi,0.001,0.002,0.000
Virginia,2017,2017,2016,nhpi,0.003,0.004,0.001
Washington,2017,2017,2016,nhpi,0.015,0.023,0.008
West Virginia,2017,2017,2016,nhpi,0.002,0.002,0.000
Wisconsin,2017,2017,2016,nhpi,0.002,0.003,0.001
Wyoming,2017,2017,2016,nhpi,0.008,0.009,0.001
Puerto Rico,2017,2017,2016,nhpi,0.003,0.003,0.000
Alabama,2017,2017,2016,multipleRaces,0.013,0.029,0.016
Alaska,2017,2017,2016,multipleRaces,0.034,0.107,0.073
Arizona,2017,2017,2016,multipleRaces,0.022,0.050,0.028
Arkansas,2017,2017,2016,multipleRaces,0.015,0.036,0.020
California,2017,2017,2016,multipleRaces,0.043,0.081,0.038
Colorado,2017,2017,2016,multipleRaces,0.037,0.067,0.030
Connecticut,2017,2017,2016,multipleRaces,0.034,0.057,0.023
Delaware,2017,2017,2016,multipleRaces,0.017,0.042,0.026
District of Columbia,2017,2017,2016,multipleRaces,-0.001,0.026,0.027
Florida,2017,2017,2016,multipleRaces,0.014,0.035,0.021
Georgia,2017,2017,2016,multipleRaces,0.013,0.033,0.021
Hawaii,2017,2017,2016,multipleRaces,0.000,0.237,0.237
Idaho,2017,2017,2016,multipleRaces,0.013,0.037,0.024
Illinois,2017,2017,2016,multipleRaces,0.012,0.032,0.019
Indiana,2017,2017,2016,multipleRaces,0.014,0.034,0.020
Iowa,2017,2017,2016,multipleRaces,0.055,0.073,0.018
Kansas,2017,2017,2016,multipleRaces,0.037,0.066,0.029
Kentucky,2017,2017,2016,multipleRaces,0.018,0.037,0.019
Louisiana,2017,2017,2016,multipleRaces,0.004,0.020,0.016
Maine,2017,2017,2016,multipleRaces,0.020,0.037,0.017
Maryland,2017,2017,2016,multipleRaces,0.015,0.043,0.028
Massachusetts,2017,2017,2016,multipleRaces,0.056,0.079,0.023
Michigan,2017,2017,2016,multipleRaces,0.020,0.043,0.024
Minnesota,2017,2017,2016,multipleRaces,0.046,0.071,0.024
Mississippi,2017,2017,2016,multipleRaces,-0.001,0.012,0.012
Missouri,2017,2017,2016,multipleRaces,0.030,0.052,0.022
Montana,2017,2017,2016,multipleRaces,0.063,0.090,0.027
Nebraska,2017,2017,2016,multipleRaces,0.024,0.045,0.021
Nevada,2017,2017,2016,multipleRaces,0.011,0.053,0.042
New Hampshire,2017,2017,2016,multipleRaces,0.050,0.067,0.017
New Jersey,2017,2017,2016,multipleRaces,0.000,0.021,0.022
New Mexico,2017,2017,2016,multipleRaces,0.038,0.063,0.025
New York,2017,2017,2016,multipleRaces,0.033,0.058,0.025
North Carolina,2017,2017,2016,multipleRaces,0.025,0.047,0.022
North Dakota,2017,2017,2016,multipleRaces,0.312,0.333,0.021
Ohio,2017,2017,2016,multipleRaces,0.028,0.050,0.022
Oklahoma,2017,2017,2016,multipleRaces,-0.004,0.056,0.061
Oregon,2017,2017,2016,multipleRaces,0.031,0.068,0.038
Pennsylvania,2017,2017,2016,multipleRaces,0.027,0.047,0.019
Rhode Island,2017,2017,2016,multipleRaces,0.042,0.069,0.027
South Carolina,2017,2017,2016,multipleRaces,0.016,0.034,0.018
South Dakota,2017,2017,2016,multipleRaces,-0.007,0.016,0.023
Tennessee,2017,2017,2016,multipleRaces,0.009,0.027,0.019
Texas,2017,2017,2016,multipleRaces,0.019,0.038,0.019
Utah,2017,2017,2016,multipleRaces,0.023,0.047,0.025
Vermont,2017,2017,2016,multipleRaces,0.012,0.031,0.019
Virginia,2017,2017,2016,multipleRaces,0.016,0.045,0.029
Washington,2017,2017,2016,multipleRaces,0.073,0.119,0.046
West Virginia,2017,2017,2016,multipleRaces,0.001,0.018,0.017
Wisconsin,2017,2017,2016,multipleRaces,0.052,0.070,0.019
Wyoming,2017,2017,2016,multipleRaces,0.007,0.027,0.021
Puerto Rico,2017,2017,2016,multipleRaces,0.311,0.355,0.043
Alabama,2017,2017,2016,hispanic,-0.023,0.019,0.042
Alaska,2017,2017,2016,hispanic,-0.014,0.055,0.070
Arizona,2017,2017,2016,hispanic,-0.078,0.231,0.309
Arkansas,2017,2017,2016,hispanic,-0.048,0.025,0.073
California,2017,2017,2016,hispanic,-0.072,0.317,0.389
Colorado,2017,2017,2016,hispanic,0.043,0.256,0.213
Connecticut,2017,2017,2016,hispanic,0.130,0.287,0.157
Delaware,2017,2017,2016,hispanic,-0.009,0.082,0.092
District of Columbia,2017,2017,2016,hispanic,-0.043,0.066,0.109
Florida,2017,2017,2016,hispanic,-0.101,0.147,0.249
Georgia,2017,2017,2016,hispanic,-0.053,0.041,0.094
Hawaii,2017,2017,2016,hispanic,0.030,0.134,0.104
Idaho,2017,2017,2016,hispanic,0.008,0.132,0.123
Illinois,2017,2017,2016,hispanic,-0.072,0.098,0.170
Indiana,2017,2017,2016,hispanic,-0.025,0.043,0.068
Iowa,2017,2017,2016,hispanic,0.016,0.074,0.058
Kansas,2017,2017,2016,hispanic,0.034,0.150,0.116
Kentucky,2017,2017,2016,hispanic,-0.008,0.027,0.035
Louisiana,2017,2017,2016,hispanic,-0.020,0.031,0.050
Maine,2017,2017,2016,hispanic,0.023,0.039,0.016
Maryland,2017,2017,2016,hispanic,-0.042,0.056,0.098
Massachusetts,2017,2017,2016,hispanic,0.257,0.372,0.115
Michigan,2017,2017,2016,hispanic,0.005,0.055,0.050
Minnesota,2017,2017,2016,hispanic,0.021,0.074,0.052
Mississippi,2017,2017,2016,hispanic,-0.023,0.007,0.031
Missouri,2017,2017,2016,hispanic,0.009,0.050,0.041
Montana,2017,2017,2016,hispanic,0.043,0.079,0.036
Nebraska,2017,2017,2016,hispanic,-0.001,0.106,0.107
Nevada,2017,2017,2016,hispanic,-0.149,0.136,0.285
New Hampshire,2017,2017,2016,hispanic,0.058,0.093,0.035
New Jersey,2017,2017,2016,hispanic,0.009,0.209,0.200
New Mexico,2017,2017,2016,hispanic,-0.068,0.417,0.485
New York,2017,2017,2016,hispanic,0.139,0.329,0.190
North Carolina,2017,2017,2016,hispanic,-0.034,0.058,0.092
North Dakota,2017,2017,2016,hispanic,0.003,0.039,0.036
Ohio,2017,2017,2016,hispanic,0.001,0.037,0.037
Oklahoma,2017,2017,2016,hispanic,-0.030,0.073,0.103
Oregon,2017,2017,2016,hispanic,-0.020,0.108,0.128
Pennsylvania,2017,2017,2016,hispanic,0.032,0.102,0.070
Rhode Island,2017,2017,2016,hispanic,0.074,0.223,0.149
South Carolina,2017,2017,2016,hispanic,-0.033,0.022,0.055
South Dakota,2017,2017,2016,hispanic,0.007,0.045,0.037
Tennessee,2017,2017,2016,hispanic,-0.026,0.026,0.052
Texas,2017,2017,2016,hispanic,-0.110,0.281,0.391
Utah,2017,2017,2016,hispanic,0.087,0.225,0.138
Vermont,2017,2017,2016,hispanic,0.030,0.049,0.019
Virginia,2017,2017,2016,hispanic,0.000,0.091,0.091
Washington,2017,2017,2016,hispanic,0.011,0.135,0.124
West Virginia,2017,2017,2016,hispanic,0.001,0.016,0.015
Wisconsin,2017,2017,2016,hispanic,0.011,0.078,0.067
Wyoming,2017,2017,2016,hispanic,0.022,0.121,0.100
Puerto Rico,2017,2017,2016,hispanic,-0.009,0.978,0.987
Alabama,2017,2017,2016,nonHispanic,0.023,0.981,0.958
Alaska,2017,2017,2016,nonHispanic,0.014,0.945,0.930
Arizona,2017,2017,2016,nonHispanic,0.078,0.769,0.691
Arkansas,2017,2017,2016,nonHispanic,0.048,0.975,0.927
California,2017,2017,2016,nonHispanic,0.072,0.683,0.611
Colorado,2017,2017,2016,nonHispanic,-0.043,0.744,0.787
Connecticut,2017,2017,2016,nonHispanic,-0.130,0.713,0.843
Delaware,2017,2017,2016,nonHispanic,0.009,0.918,0.908
District of Columbia,2017,2017,2016,nonHispanic,0.043,0.934,0.891
Florida,2017,2017,2016,nonHispanic,0.101,0.853,0.751
Georgia,2017,2017,2016,nonHispanic,0.053,0.959,0.906
Hawaii,2017,2017,2016,nonHispanic,-0.030,0.866,0.896
Idaho,2017,2017,2016,nonHispanic,-0.008,0.868,0.877
Illinois,2017,2017,2016,nonHispanic,0.072,0.902,0.830
Indiana,2017,2017,2016,nonHispanic,0.025,0.957,0.932
Iowa,2017,2017,2016,nonHispanic,-0.016,0.926,0.942
Kansas,2017,2017,2016,nonHispanic,-0.034,0.850,0.884
Kentucky,2017,2017,2016,nonHispanic,0.008,0.973,0.965
Louisiana,2017,2017,2016,nonHispanic,0.020,0.969,0.950
Maine,2017,2017,2016,nonHispanic,-0.023,0.961,0.984
Maryland,2017,2017,2016,nonHispanic,0.042,0.944,0.902
Massachusetts,2017,2017,2016,nonHispanic,-0.257,0.628,0.885
Michigan,2017,2017,2016,nonHispanic,-0.005,0.945,0.950
Minnesota,2017,2017,2016,nonHispanic,-0.021,0.926,0.948
Mississippi,2017,2017,2016,nonHispanic,0.023,0.993,0.969
Missouri,2017,2017,2016,nonHispanic,-0.009,0.950,0.959
Montana,2017,2017,2016,nonHispanic,-0.043,0.921,0.964
Nebraska,2017,2017,2016,nonHispanic,0.001,0.894,0.893
Nevada,2017,2017,2016,nonHispanic,0.149,0.864,0.715
New Hampshire,2017,2017,2016,nonHispanic,-0.058,0.907,0.965
New Jersey,2017,2017,2016,nonHispanic,-0.009,0.791,0.800
New Mexico,2017,2017,2016,nonHispanic,0.068,0.583,0.515
New York,2017,2017,2016,nonHispanic,-0.139,0.671,0.810
North Carolina,2017,2017,2016,nonHispanic,0.034,0.942,0.908
North Dakota,2017,2017,2016,nonHispanic,-0.003,0.961,0.964
Ohio,2017,2017,2016,nonHispanic,-0.001,0.963,0.963
Oklahoma,2017,2017,2016,nonHispanic,0.030,0.927,0.897
Oregon,2017,2017,2016,nonHispanic,0.020,0.892,0.872
Pennsylvania,2017,2017,2016,nonHispanic,-0.032,0.898,0.930
Rhode Island,2017,2017,2016,nonHispanic,-0.074,0.777,0.851
South Carolina,2017,2017,2016,nonHispanic,0.033,0.978,0.945
South Dakota,2017,2017,2016,nonHispanic,-0.007,0.955,0.963
Tennessee,2017,2017,2016,nonHispanic,0.026,0.974,0.948
Texas,2017,2017,2016,nonHispanic,0.110,0.719,0.609
Utah,2017,2017,2016,nonHispanic,-0.087,0.775,0.862
Vermont,2017,2017,2016,nonHispanic,-0.030,0.951,0.981
Virginia,2017,2017,2016,nonHispanic,0.000,0.909,0.909
Washington,2017,2017,2016,nonHispanic,-0.011,0.865,0.876
West Virginia,2017,2017,2016,nonHispanic,-0.001,0.984,0.985
Wisconsin,2017,2017,2016,nonHispanic,-0.011,0.922,0.933
Wyoming,2017,2017,2016,nonHispanic,-0.022,0.879,0.900
Puerto Rico,2017,2017,2016,nonHispanic,0.009,0.022,0.013
Alabama,2016,2016,2015,black,0.280,0.548,0.267
Alaska,2016,2016,2015,black,0.039,0.076,0.037
Arizona,2016,2016,2015,black,0.137,0.185,0.048
Arkansas,2016,2016,2015,black,0.206,0.363,0.157
California,2016,2016,2015,black,0.209,0.275,0.065
Colorado,2016,2016,2015,black,0.134,0.178,0.045
Connecticut,2016,2016,2015,black,0.277,0.393,0.116
Delaware,2016,2016,2015,black,0.352,0.577,0.224
District of Columbia,2016,2016,2015,black,0.436,0.921,0.484
Florida,2016,2016,2015,black,0.207,0.375,0.168
Georgia,2016,2016,2015,black,0.346,0.664,0.318
Hawaii,2016,2016,2015,black,0.013,0.034,0.021
Idaho,2016,2016,2015,black,0.026,0.034,0.008
Illinois,2016,2016,2015,black,0.445,0.592,0.147
Indiana,2016,2016,2015,black,0.234,0.330,0.096
Iowa,2016,2016,2015,black,0.258,0.293,0.036
Kansas,2016,2016,2015,black,0.166,0.227,0.062
Kentucky,2016,2016,2015,black,0.178,0.260,0.082
Louisiana,2016,2016,2015,black,0.255,0.581,0.325
Maine,2016,2016,2015,black,0.091,0.106,0.015
Maryland,2016,2016,2015,black,0.295,0.601,0.306
Massachusetts,2016,2016,2015,black,0.229,0.314,0.085
Michigan,2016,2016,2015,black,0.356,0.498,0.142
Minnesota,2016,2016,2015,black,0.390,0.450,0.061
Mississippi,2016,2016,2015,black,0.230,0.606,0.376
Missouri,2016,2016,2015,black,0.255,0.373,0.118
Montana,2016,2016,2015,black,0.012,0.018,0.006
Nebraska,2016,2016,2015,black,0.158,0.207,0.049
Nevada,2016,2016,2015,black,0.203,0.297,0.093
New Hampshire,2016,2016,2015,black,0.054,0.069,0.015
New Jersey,2016,2016,2015,black,0.377,0.526,0.149
New Mexico,2016,2016,2015,black,0.055,0.080,0.025
New York,2016,2016,2015,black,0.470,0.646,0.176
North Carolina,2016,2016,2015,black,0.309,0.531,0.222
North Dakota,2016,2016,2015,black,0.114,0.140,0.026
Ohio,2016,2016,2015,black,0.318,0.445,0.127
Oklahoma,2016,2016,2015,black,0.137,0.214,0.077
Oregon,2016,2016,2015,black,0.043,0.063,0.021
Pennsylvania,2016,2016,2015,black,0.398,0.515,0.117
Rhode Island,2016,2016,2015,black,0.172,0.251,0.079
South Carolina,2016,2016,2015,black,0.244,0.520,0.276
South Dakota,2016,2016,2015,black,0.048,0.067,0.019
Tennessee,2016,2016,2015,black,0.212,0.383,0.171
Texas,2016,2016,2015,black,0.227,0.352,0.125
Utah,2016,2016,2015,black,0.073,0.086,0.013
Vermont,2016,2016,2015,black,0.066,0.079,0.013
Virginia,2016,2016,2015,black,0.335,0.532,0.197
Washington,2016,2016,2015,black,0.155,0.195,0.041
West Virginia,2016,2016,2015,black,0.120,0.156,0.036
Wisconsin,2016,2016,2015,black,0.293,0.359,0.066
Wyoming,2016,2016,2015,black,0.032,0.046,0.013
Puerto Rico,2016,2016,2015,black,0.069,0.167,0.098
Alabama,2016,2016,2015,white,-0.278,0.417,0.695
Alaska,2016,2016,2015,white,-0.284,0.381,0.665
Arizona,2016,2016,2015,white,-0.159,0.676,0.836
Arkansas,2016,2016,2015,white,-0.207,0.589,0.796
California,2016,2016,2015,white,-0.157,0.573,0.730
Colorado,2016,2016,2015,white,-0.190,0.686,0.877
Connecticut,2016,2016,2015,white,-0.272,0.537,0.809
Delaware,2016,2016,2015,white,-0.324,0.379,0.704
District of Columbia,2016,2016,2015,white,-0.389,0.053,0.441
Florida,2016,2016,2015,white,-0.200,0.577,0.777
Georgia,2016,2016,2015,white,-0.320,0.296,0.616
Hawaii,2016,2016,2015,white,-0.030,0.230,0.260
Idaho,2016,2016,2015,white,-0.077,0.858,0.935
Illinois,2016,2016,2015,white,-0.410,0.364,0.774
Indiana,2016,2016,2015,white,-0.240,0.619,0.858
Iowa,2016,2016,2015,white,-0.307,0.610,0.917
Kansas,2016,2016,2015,white,-0.201,0.667,0.868
Kentucky,2016,2016,2015,white,-0.198,0.683,0.881
Louisiana,2016,2016,2015,white,-0.262,0.371,0.633
Maine,2016,2016,2015,white,-0.114,0.835,0.949
Maryland,2016,2016,2015,white,-0.247,0.350,0.596
Massachusetts,2016,2016,2015,white,-0.259,0.562,0.822
Michigan,2016,2016,2015,white,-0.356,0.441,0.798
Minnesota,2016,2016,2015,white,-0.475,0.379,0.853
Mississippi,2016,2016,2015,white,-0.222,0.372,0.595
Missouri,2016,2016,2015,white,-0.276,0.558,0.834
Montana,2016,2016,2015,white,-0.275,0.618,0.893
Nebraska,2016,2016,2015,white,-0.216,0.675,0.891
Nevada,2016,2016,2015,white,-0.172,0.585,0.757
New Hampshire,2016,2016,2015,white,-0.074,0.866,0.940
New Jersey,2016,2016,2015,white,-0.296,0.431,0.727
New Mexico,2016,2016,2015,white,-0.263,0.563,0.826
New York,2016,2016,2015,white,-0.478,0.224,0.702
North Carolina,2016,2016,2015,white,-0.296,0.416,0.712
North Dakota,2016,2016,2015,white,-0.332,0.553,0.884
Ohio,2016,2016,2015,white,-0.329,0.498,0.827
Oklahoma,2016,2016,2015,white,-0.138,0.610,0.748
Oregon,2016,2016,2015,white,-0.066,0.811,0.877
Pennsylvania,2016,2016,2015,white,-0.393,0.433,0.826
Rhode Island,2016,2016,2015,white,-0.186,0.661,0.847
South Carolina,2016,2016,2015,white,-0.257,0.427,0.684
South Dakota,2016,2016,2015,white,-0.553,0.300,0.854
Tennessee,2016,2016,2015,white,-0.202,0.585,0.788
Texas,2016,2016,2015,white,-0.244,0.553,0.797
Utah,2016,2016,2015,white,-0.115,0.798,0.913
Vermont,2016,2016,2015,white,-0.081,0.867,0.948
Virginia,2016,2016,2015,white,-0.297,0.406,0.703
Washington,2016,2016,2015,white,-0.213,0.590,0.804
West Virginia,2016,2016,2015,white,-0.135,0.802,0.937
Wisconsin,2016,2016,2015,white,-0.344,0.533,0.877
Wyoming,2016,2016,2015,white,-0.159,0.770,0.929
Puerto Rico,2016,2016,2015,white,-0.246,0.432,0.678
Alabama,2016,2016,2015,asian,-0.013,0.001,0.014
Alaska,2016,2016,2015,asian,-0.039,0.023,0.062
Arizona,2016,2016,2015,asian,-0.028,0.005,0.033
Arkansas,2016,2016,2015,asian,-0.011,0.004,0.015
California,2016,2016,2015,asian,-0.130,0.016,0.146
Colorado,2016,2016,2015,asian,-0.024,0.007,0.032
Connecticut,2016,2016,2015,asian,-0.038,0.008,0.046
Delaware,2016,2016,2015,asian,-0.038,0.001,0.039
District of Columbia,2016,2016,2015,asian,-0.036,0.004,0.040
Florida,2016,2016,2015,asian,-0.024,0.003,0.028
Georgia,2016,2016,2015,asian,-0.035,0.004,0.040
Hawaii,2016,2016,2015,asian,-0.328,0.050,0.378
Idaho,2016,2016,2015,asian,-0.010,0.004,0.014
Illinois,2016,2016,2015,asian,-0.043,0.011,0.054
Indiana,2016,2016,2015,asian,-0.017,0.004,0.021
Iowa,2016,2016,2015,asian,-0.018,0.006,0.024
Kansas,2016,2016,2015,asian,-0.021,0.008,0.029
Kentucky,2016,2016,2015,asian,-0.014,0.001,0.014
Louisiana,2016,2016,2015,asian,-0.015,0.003,0.018
Maine,2016,2016,2015,asian,-0.008,0.004,0.012
Maryland,2016,2016,2015,asian,-0.060,0.004,0.064
Massachusetts,2016,2016,2015,asian,-0.058,0.007,0.065
Michigan,2016,2016,2015,asian,-0.026,0.003,0.030
Minnesota,2016,2016,2015,asian,-0.037,0.011,0.048
Mississippi,2016,2016,2015,asian,-0.006,0.004,0.010
Missouri,2016,2016,2015,asian,-0.016,0.004,0.020
Montana,2016,2016,2015,asian,-0.007,0.001,0.008
Nebraska,2016,2016,2015,asian,-0.020,0.004,0.024
Nevada,2016,2016,2015,asian,-0.059,0.026,0.085
New Hampshire,2016,2016,2015,asian,-0.025,0.001,0.026
New Jersey,2016,2016,2015,asian,-0.090,0.006,0.096
New Mexico,2016,2016,2015,asian,-0.009,0.008,0.017
New York,2016,2016,2015,asian,-0.076,0.011,0.087
North Carolina,2016,2016,2015,asian,-0.025,0.003,0.028
North Dakota,2016,2016,2015,asian,-0.009,0.005,0.014
Ohio,2016,2016,2015,asian,-0.017,0.004,0.021
Oklahoma,2016,2016,2015,asian,-0.016,0.006,0.022
Oregon,2016,2016,2015,asian,-0.037,0.006,0.043
Pennsylvania,2016,2016,2015,asian,-0.030,0.004,0.034
Rhode Island,2016,2016,2015,asian,-0.022,0.013,0.035
South Carolina,2016,2016,2015,asian,-0.011,0.004,0.016
South Dakota,2016,2016,2015,asian,-0.012,0.002,0.014
Tennessee,2016,2016,2015,asian,-0.015,0.003,0.018
Texas,2016,2016,2015,asian,-0.037,0.010,0.047
Utah,2016,2016,2015,asian,-0.014,0.010,0.024
Vermont,2016,2016,2015,asian,-0.011,0.005,0.017
Virginia,2016,2016,2015,asian,-0.051,0.013,0.064
Washington,2016,2016,2015,asian,-0.061,0.023,0.083
West Virginia,2016,2016,2015,asian,-0.007,0.001,0.008
Wisconsin,2016,2016,2015,asian,-0.019,0.008,0.027
Wyoming,2016,2016,2015,asian,-0.007,0.002,0.010
Puerto Rico,2016,2016,2015,asian,-0.001,0.001,0.002
Alabama,2016,2016,2015,nativeAmerican,0.005,0.012,0.007
Alaska,2016,2016,2015,nativeAmerican,0.254,0.405,0.152
Arizona,2016,2016,2015,nativeAmerican,0.030,0.083,0.053
Arkansas,2016,2016,2015,nativeAmerican,-0.001,0.009,0.010
California,2016,2016,2015,nativeAmerican,0.019,0.035,0.016
Colorado,2016,2016,2015,nativeAmerican,0.034,0.050,0.016
Connecticut,2016,2016,2015,nativeAmerican,0.009,0.014,0.005
Delaware,2016,2016,2015,nativeAmerican,-0.005,0.001,0.006
District of Columbia,2016,2016,2015,nativeAmerican,-0.001,0.005,0.006
Florida,2016,2016,2015,nativeAmerican,0.004,0.009,0.005
Georgia,2016,2016,2015,nativeAmerican,0.000,0.005,0.005
Hawaii,2016,2016,2015,nativeAmerican,0.010,0.014,0.004
Idaho,2016,2016,2015,nativeAmerican,0.042,0.059,0.017
Illinois,2016,2016,2015,nativeAmerican,-0.001,0.005,0.006
Indiana,2016,2016,2015,nativeAmerican,0.003,0.007,0.004
Iowa,2016,2016,2015,nativeAmerican,0.019,0.024,0.005
Kansas,2016,2016,2015,nativeAmerican,0.017,0.029,0.012
Kentucky,2016,2016,2015,nativeAmerican,0.004,0.007,0.003
Louisiana,2016,2016,2015,nativeAmerican,0.000,0.008,0.008
Maine,2016,2016,2015,nativeAmerican,0.012,0.019,0.007
Maryland,2016,2016,2015,nativeAmerican,0.001,0.007,0.006
Massachusetts,2016,2016,2015,nativeAmerican,-0.001,0.004,0.005
Michigan,2016,2016,2015,nativeAmerican,0.002,0.010,0.007
Minnesota,2016,2016,2015,nativeAmerican,0.083,0.097,0.013
Mississippi,2016,2016,2015,nativeAmerican,0.007,0.013,0.006
Missouri,2016,2016,2015,nativeAmerican,0.012,0.017,0.005
Montana,2016,2016,2015,nativeAmerican,0.192,0.258,0.066
Nebraska,2016,2016,2015,nativeAmerican,0.010,0.024,0.014
Nevada,2016,2016,2015,nativeAmerican,0.006,0.023,0.016
New Hampshire,2016,2016,2015,nativeAmerican,-0.001,0.002,0.003
New Jersey,2016,2016,2015,nativeAmerican,0.003,0.009,0.006
New Mexico,2016,2016,2015,nativeAmerican,0.148,0.255,0.107
New York,2016,2016,2015,nativeAmerican,-0.002,0.008,0.010
North Carolina,2016,2016,2015,nativeAmerican,0.000,0.015,0.016
North Dakota,2016,2016,2015,nativeAmerican,0.181,0.236,0.055
Ohio,2016,2016,2015,nativeAmerican,0.002,0.005,0.003
Oklahoma,2016,2016,2015,nativeAmerican,0.039,0.131,0.092
Oregon,2016,2016,2015,nativeAmerican,0.024,0.042,0.018
Pennsylvania,2016,2016,2015,nativeAmerican,0.000,0.004,0.004
Rhode Island,2016,2016,2015,nativeAmerican,0.005,0.015,0.010
South Carolina,2016,2016,2015,nativeAmerican,0.000,0.006,0.005
South Dakota,2016,2016,2015,nativeAmerican,0.492,0.582,0.090
Tennessee,2016,2016,2015,nativeAmerican,0.001,0.005,0.004
Texas,2016,2016,2015,nativeAmerican,0.026,0.036,0.010
Utah,2016,2016,2015,nativeAmerican,0.037,0.052,0.015
Vermont,2016,2016,2015,nativeAmerican,0.007,0.011,0.004
Virginia,2016,2016,2015,nativeAmerican,0.001,0.006,0.005
Washington,2016,2016,2015,nativeAmerican,0.035,0.054,0.019
West Virginia,2016,2016,2015,nativeAmerican,0.002,0.004,0.002
Wisconsin,2016,2016,2015,nativeAmerican,0.025,0.036,0.011
Wyoming,2016,2016,2015,nativeAmerican,0.122,0.149,0.027
Puerto Rico,2016,2016,2015,nativeAmerican,0.008,0.012,0.003
Alabama,2016,2016,2015,nhpi,0.001,0.002,0.001
Alaska,2016,2016,2015,nhpi,0.014,0.027,0.013
Arizona,2016,2016,2015,nhpi,0.004,0.007,0.003
Arkansas,2016,2016,2015,nhpi,0.000,0.003,0.003
California,2016,2016,2015,nhpi,0.006,0.011,0.005
Colorado,2016,2016,2015,nhpi,0.004,0.006,0.002
Connecticut,2016,2016,2015,nhpi,0.018,0.019,0.001
Delaware,2016,2016,2015,nhpi,0.002,0.003,0.001
District of Columbia,2016,2016,2015,nhpi,0.000,0.002,0.002
Florida,2016,2016,2015,nhpi,0.001,0.002,0.001
Georgia,2016,2016,2015,nhpi,0.003,0.004,0.001
Hawaii,2016,2016,2015,nhpi,0.324,0.426,0.102
Idaho,2016,2016,2015,nhpi,0.008,0.010,0.002
Illinois,2016,2016,2015,nhpi,0.001,0.002,0.001
Indiana,2016,2016,2015,nhpi,0.002,0.003,0.001
Iowa,2016,2016,2015,nhpi,0.001,0.002,0.001
Kansas,2016,2016,2015,nhpi,0.000,0.001,0.001
Kentucky,2016,2016,2015,nhpi,0.003,0.004,0.001
Louisiana,2016,2016,2015,nhpi,0.002,0.003,0.001
Maine,2016,2016,2015,nhpi,0.002,0.002,0.000
Maryland,2016,2016,2015,nhpi,0.001,0.002,0.001
Massachusetts,2016,2016,2015,nhpi,0.003,0.004,0.001
Michigan,2016,2016,2015,nhpi,0.003,0.004,0.000
Minnesota,2016,2016,2015,nhpi,0.009,0.010,0.001
Mississippi,2016,2016,2015,nhpi,0.001,0.002,0.001
Missouri,2016,2016,2015,nhpi,0.001,0.003,0.001
Montana,2016,2016,2015,nhpi,0.003,0.004,0.001
Nebraska,2016,2016,2015,nhpi,0.001,0.002,0.001
Nevada,2016,2016,2015,nhpi,0.010,0.018,0.008
New Hampshire,2016,2016,2015,nhpi,0.001,0.001,0.000
New Jersey,2016,2016,2015,nhpi,0.005,0.006,0.001
New Mexico,2016,2016,2015,nhpi,0.005,0.007,0.002
New York,2016,2016,2015,nhpi,0.013,0.014,0.001
North Carolina,2016,2016,2015,nhpi,0.000,0.002,0.001
North Dakota,2016,2016,2015,nhpi,0.000,0.001,0.001
Ohio,2016,2016,2015,nhpi,0.000,0.001,0.001
Oklahoma,2016,2016,2015,nhpi,0.000,0.002,0.002
Oregon,2016,2016,2015,nhpi,0.007,0.011,0.004
Pennsylvania,2016,2016,2015,nhpi,0.001,0.002,0.001
Rhode Island,2016,2016,2015,nhpi,0.001,0.003,0.002
South Carolina,2016,2016,2015,nhpi,0.002,0.003,0.001
South Dakota,2016,2016,2015,nhpi,0.004,0.005,0.001
Tennessee,2016,2016,2015,nhpi,0.001,0.002,0.001
Texas,2016,2016,2015,nhpi,0.002,0.003,0.001
Utah,2016,2016,2015,nhpi,0.001,0.011,0.010
Vermont,2016,2016,2015,nhpi,0.000,0.000,0.000
Virginia,2016,2016,2015,nhpi,0.001,0.002,0.001
Washington,2016,2016,2015,nhpi,0.016,0.023,0.007
West Virginia,2016,2016,2015,nhpi,0.000,0.001,0.000
Wisconsin,2016,2016,2015,nhpi,0.002,0.002,0.001
Wyoming,2016,2016,2015,nhpi,-0.001,0.000,0.001
Puerto Rico,2016,2016,2015,nhpi,0.003,0.003,0.000
Alabama,2016,2016,2015,multipleRaces,0.005,0.021,0.016
Alaska,2016,2016,2015,multipleRaces,0.016,0.088,0.072
Arizona,2016,2016,2015,multipleRaces,0.017,0.044,0.027
Arkansas,2016,2016,2015,multipleRaces,0.012,0.032,0.020
California,2016,2016,2015,multipleRaces,0.053,0.091,0.038
Colorado,2016,2016,2015,multipleRaces,0.043,0.072,0.029
Connecticut,2016,2016,2015,multipleRaces,0.006,0.029,0.023
Delaware,2016,2016,2015,multipleRaces,0.014,0.039,0.025
District of Columbia,2016,2016,2015,multipleRaces,-0.011,0.016,0.027
Florida,2016,2016,2015,multipleRaces,0.013,0.033,0.020
Georgia,2016,2016,2015,multipleRaces,0.007,0.027,0.020
Hawaii,2016,2016,2015,multipleRaces,0.011,0.246,0.235
Idaho,2016,2016,2015,multipleRaces,0.012,0.035,0.023
Illinois,2016,2016,2015,multipleRaces,0.009,0.028,0.019
Indiana,2016,2016,2015,multipleRaces,0.018,0.038,0.019
Iowa,2016,2016,2015,multipleRaces,0.048,0.066,0.018
Kansas,2016,2016,2015,multipleRaces,0.039,0.067,0.028
Kentucky,2016,2016,2015,multipleRaces,0.026,0.044,0.018
Louisiana,2016,2016,2015,multipleRaces,0.019,0.035,0.016
Maine,2016,2016,2015,multipleRaces,0.017,0.034,0.017
Maryland,2016,2016,2015,multipleRaces,0.008,0.036,0.027
Massachusetts,2016,2016,2015,multipleRaces,0.086,0.109,0.023
Michigan,2016,2016,2015,multipleRaces,0.021,0.044,0.023
Minnesota,2016,2016,2015,multipleRaces,0.030,0.053,0.024
Mississippi,2016,2016,2015,multipleRaces,-0.009,0.003,0.012
Missouri,2016,2016,2015,multipleRaces,0.023,0.045,0.022
Montana,2016,2016,2015,multipleRaces,0.075,0.101,0.026
Nebraska,2016,2016,2015,multipleRaces,0.067,0.088,0.021
Nevada,2016,2016,2015,multipleRaces,0.011,0.052,0.041
New Hampshire,2016,2016,2015,multipleRaces,0.044,0.060,0.016
New Jersey,2016,2016,2015,multipleRaces,0.000,0.021,0.021
New Mexico,2016,2016,2015,multipleRaces,0.063,0.088,0.025
New York,2016,2016,2015,multipleRaces,0.073,0.097,0.024
North Carolina,2016,2016,2015,multipleRaces,0.012,0.034,0.021
North Dakota,2016,2016,2015,multipleRaces,0.045,0.065,0.020
Ohio,2016,2016,2015,multipleRaces,0.026,0.048,0.021
Oklahoma,2016,2016,2015,multipleRaces,-0.022,0.037,0.059
Oregon,2016,2016,2015,multipleRaces,0.030,0.066,0.037
Pennsylvania,2016,2016,2015,multipleRaces,0.023,0.042,0.019
Rhode Island,2016,2016,2015,multipleRaces,0.031,0.058,0.027
South Carolina,2016,2016,2015,multipleRaces,0.022,0.040,0.018
South Dakota,2016,2016,2015,multipleRaces,0.022,0.044,0.022
Tennessee,2016,2016,2015,multipleRaces,0.004,0.022,0.018
Texas,2016,2016,2015,multipleRaces,0.026,0.045,0.019
Utah,2016,2016,2015,multipleRaces,0.018,0.042,0.024
Vermont,2016,2016,2015,multipleRaces,0.020,0.038,0.018
Virginia,2016,2016,2015,multipleRaces,0.012,0.041,0.028
Washington,2016,2016,2015,multipleRaces,0.069,0.114,0.045
West Virginia,2016,2016,2015,multipleRaces,0.020,0.037,0.016
Wisconsin,2016,2016,2015,multipleRaces,0.044,0.062,0.018
Wyoming,2016,2016,2015,multipleRaces,0.013,0.033,0.020
Puerto Rico,2016,2016,2015,multipleRaces,0.337,0.385,0.048
Alabama,2016,2016,2015,hispanic,-0.021,0.020,0.041
Alaska,2016,2016,2015,hispanic,0.005,0.074,0.069
Arizona,2016,2016,2015,hispanic,-0.064,0.244,0.307
Arkansas,2016,2016,2015,hispanic,-0.037,0.035,0.071
California,2016,2016,2015,hispanic,-0.111,0.277,0.387
Colorado,2016,2016,2015,hispanic,0.067,0.279,0.212
Connecticut,2016,2016,2015,hispanic,0.130,0.283,0.153
Delaware,2016,2016,2015,hispanic,-0.035,0.055,0.090
District of Columbia,2016,2016,2015,hispanic,-0.055,0.052,0.107
Florida,2016,2016,2015,hispanic,-0.105,0.140,0.245
Georgia,2016,2016,2015,hispanic,-0.043,0.050,0.093
Hawaii,2016,2016,2015,hispanic,0.015,0.118,0.102
Idaho,2016,2016,2015,hispanic,-0.001,0.121,0.122
Illinois,2016,2016,2015,hispanic,-0.060,0.108,0.168
Indiana,2016,2016,2015,hispanic,-0.028,0.038,0.066
Iowa,2016,2016,2015,hispanic,0.040,0.097,0.057
Kansas,2016,2016,2015,hispanic,-0.010,0.105,0.115
Kentucky,2016,2016,2015,hispanic,0.006,0.040,0.034
Louisiana,2016,2016,2015,hispanic,-0.004,0.045,0.049
Maine,2016,2016,2015,hispanic,0.016,0.031,0.015
Maryland,2016,2016,2015,hispanic,-0.001,0.094,0.095
Massachusetts,2016,2016,2015,hispanic,0.243,0.354,0.112
Michigan,2016,2016,2015,hispanic,0.008,0.056,0.049
Minnesota,2016,2016,2015,hispanic,0.041,0.092,0.051
Mississippi,2016,2016,2015,hispanic,-0.018,0.012,0.030
Missouri,2016,2016,2015,hispanic,0.002,0.042,0.040
Montana,2016,2016,2015,hispanic,0.043,0.079,0.035
Nebraska,2016,2016,2015,hispanic,0.027,0.131,0.104
Nevada,2016,2016,2015,hispanic,-0.153,0.128,0.282
New Hampshire,2016,2016,2015,hispanic,0.053,0.087,0.034
New Jersey,2016,2016,2015,hispanic,0.006,0.202,0.196
New Mexico,2016,2016,2015,hispanic,-0.094,0.388,0.482
New York,2016,2016,2015,hispanic,0.265,0.453,0.188
North Carolina,2016,2016,2015,hispanic,-0.045,0.045,0.090
North Dakota,2016,2016,2015,hispanic,0.050,0.086,0.035
Ohio,2016,2016,2015,hispanic,-0.004,0.032,0.036
Oklahoma,2016,2016,2015,hispanic,-0.049,0.052,0.101
Oregon,2016,2016,2015,hispanic,-0.019,0.107,0.126
Pennsylvania,2016,2016,2015,hispanic,0.041,0.109,0.068
Rhode Island,2016,2016,2015,hispanic,0.059,0.203,0.145
South Carolina,2016,2016,2015,hispanic,-0.029,0.025,0.054
South Dakota,2016,2016,2015,hispanic,0.007,0.043,0.036
Tennessee,2016,2016,2015,hispanic,-0.024,0.027,0.051
Texas,2016,2016,2015,hispanic,-0.131,0.257,0.388
Utah,2016,2016,2015,hispanic,0.072,0.208,0.136
Vermont,2016,2016,2015,hispanic,0.051,0.069,0.018
Virginia,2016,2016,2015,hispanic,0.000,0.090,0.089
Washington,2016,2016,2015,hispanic,0.020,0.142,0.122
West Virginia,2016,2016,2015,hispanic,-0.002,0.013,0.015
Wisconsin,2016,2016,2015,hispanic,0.018,0.083,0.066
Wyoming,2016,2016,2015,hispanic,0.043,0.141,0.099
Puerto Rico,2016,2016,2015,hispanic,-0.016,0.973,0.989
Alabama,2016,2016,2015,nonHispanic,0.021,0.980,0.959
Alaska,2016,2016,2015,nonHispanic,-0.005,0.926,0.931
Arizona,2016,2016,2015,nonHispanic,0.064,0.756,0.693
Arkansas,2016,2016,2015,nonHispanic,0.037,0.965,0.929
California,2016,2016,2015,nonHispanic,0.111,0.723,0.613
Colorado,2016,2016,2015,nonHispanic,-0.067,0.721,0.788
Connecticut,2016,2016,2015,nonHispanic,-0.130,0.717,0.847
Delaware,2016,2016,2015,nonHispanic,0.035,0.945,0.910
District of Columbia,2016,2016,2015,nonHispanic,0.055,0.948,0.893
Florida,2016,2016,2015,nonHispanic,0.105,0.860,0.755
Georgia,2016,2016,2015,nonHispanic,0.043,0.950,0.907
Hawaii,2016,2016,2015,nonHispanic,-0.015,0.882,0.898
Idaho,2016,2016,2015,nonHispanic,0.001,0.879,0.878
Illinois,2016,2016,2015,nonHispanic,0.060,0.892,0.832
Indiana,2016,2016,2015,nonHispanic,0.028,0.962,0.934
Iowa,2016,2016,2015,nonHispanic,-0.040,0.903,0.943
Kansas,2016,2016,2015,nonHispanic,0.010,0.895,0.885
Kentucky,2016,2016,2015,nonHispanic,-0.006,0.960,0.966
Louisiana,2016,2016,2015,nonHispanic,0.004,0.955,0.951
Maine,2016,2016,2015,nonHispanic,-0.016,0.969,0.985
Maryland,2016,2016,2015,nonHispanic,0.001,0.906,0.905
Massachusetts,2016,2016,2015,nonHispanic,-0.243,0.646,0.888
Michigan,2016,2016,2015,nonHispanic,-0.008,0.944,0.951
Minnesota,2016,2016,2015,nonHispanic,-0.041,0.908,0.949
Mississippi,2016,2016,2015,nonHispanic,0.018,0.988,0.970
Missouri,2016,2016,2015,nonHispanic,-0.002,0.958,0.960
Montana,2016,2016,2015,nonHispanic,-0.043,0.921,0.965
Nebraska,2016,2016,2015,nonHispanic,-0.027,0.869,0.896
Nevada,2016,2016,2015,nonHispanic,0.153,0.872,0.718
New Hampshire,2016,2016,2015,nonHispanic,-0.053,0.913,0.966
New Jersey,2016,2016,2015,nonHispanic,-0.006,0.798,0.804
New Mexico,2016,2016,2015,nonHispanic,0.094,0.612,0.518
New York,2016,2016,2015,nonHispanic,-0.265,0.547,0.812
North Carolina,2016,2016,2015,nonHispanic,0.045,0.955,0.910
North Dakota,2016,2016,2015,nonHispanic,-0.050,0.914,0.965
Ohio,2016,2016,2015,nonHispanic,0.004,0.968,0.964
Oklahoma,2016,2016,2015,nonHispanic,0.049,0.948,0.899
Oregon,2016,2016,2015,nonHispanic,0.019,0.893,0.874
Pennsylvania,2016,2016,2015,nonHispanic,-0.041,0.891,0.932
Rhode Island,2016,2016,2015,nonHispanic,-0.059,0.797,0.855
South Carolina,2016,2016,2015,nonHispanic,0.029,0.975,0.946
South Dakota,2016,2016,2015,nonHispanic,-0.007,0.957,0.964
Tennessee,2016,2016,2015,nonHispanic,0.024,0.973,0.949
Texas,2016,2016,2015,nonHispanic,0.131,0.743,0.612
Utah,2016,2016,2015,nonHispanic,-0.072,0.792,0.864
Vermont,2016,2016,2015,nonHispanic,-0.051,0.931,0.982
Virginia,2016,2016,2015,nonHispanic,0.000,0.910,0.911
Washington,2016,2016,2015,nonHispanic,-0.020,0.858,0.878
West Virginia,2016,2016,2015,nonHispanic,0.002,0.987,0.985
Wisconsin,2016,2016,2015,nonHispanic,-0.018,0.917,0.934
Wyoming,2016,2016,2015,nonHispanic,-0.043,0.859,0.901
Puerto Rico,2016,2016,2015,nonHispanic,0.016,0.027,0.011
Alabama,2015,2015,2014,black,0.260,0.526,0.266
Alaska,2015,2015,2014,black,0.037,0.074,0.037
Arizona,2015,2015,2014,black,0.131,0.178,0.047
Arkansas,2015,2015,2014,black,0.196,0.353,0.156
California,2015,2015,2014,black,0.213,0.279,0.065
Colorado,2015,2015,2014,black,0.151,0.196,0.044
Connecticut,2015,2015,2014,black,0.273,0.388,0.115
Delaware,2015,2015,2014,black,0.315,0.538,0.223
District of Columbia,2015,2015,2014,black,0.413,0.904,0.490
Florida,2015,2015,2014,black,0.199,0.367,0.168
Georgia,2015,2015,2014,black,0.333,0.649,0.316
Hawaii,2015,2015,2014,black,0.014,0.035,0.020
Idaho,2015,2015,2014,black,0.027,0.035,0.008
Illinois,2015,2015,2014,black,0.445,0.592,0.147
Indiana,2015,2015,2014,black,0.260,0.356,0.096
Iowa,2015,2015,2014,black,0.226,0.261,0.034
Kansas,2015,2015,2014,black,0.185,0.247,0.062
Kentucky,2015,2015,2014,black,0.181,0.263,0.082
Louisiana,2015,2015,2014,black,0.262,0.587,0.325
Maine,2015,2015,2014,black,0.076,0.090,0.014
Maryland,2015,2015,2014,black,0.282,0.586,0.304
Massachusetts,2015,2015,2014,black,0.256,0.339,0.083
Michigan,2015,2015,2014,black,0.366,0.508,0.142
Minnesota,2015,2015,2014,black,0.400,0.459,0.059
Mississippi,2015,2015,2014,black,0.316,0.692,0.375
Missouri,2015,2015,2014,black,0.278,0.396,0.118
Montana,2015,2015,2014,black,0.017,0.022,0.005
Nebraska,2015,2015,2014,black,0.165,0.214,0.049
Nevada,2015,2015,2014,black,0.276,0.367,0.091
New Hampshire,2015,2015,2014,black,0.030,0.044,0.014
New Jersey,2015,2015,2014,black,0.403,0.551,0.148
New Mexico,2015,2015,2014,black,0.056,0.081,0.025
New York,2015,2015,2014,black,0.505,0.681,0.176
North Carolina,2015,2015,2014,black,0.313,0.534,0.222
North Dakota,2015,2015,2014,black,0.156,0.178,0.022
Ohio,2015,2015,2014,black,0.328,0.455,0.127
Oklahoma,2015,2015,2014,black,0.117,0.194,0.077
Oregon,2015,2015,2014,black,0.044,0.064,0.020
Pennsylvania,2015,2015,2014,black,0.415,0.532,0.116
Rhode Island,2015,2015,2014,black,0.181,0.258,0.078
South Carolina,2015,2015,2014,black,0.269,0.547,0.278
South Dakota,2015,2015,2014,black,0.065,0.084,0.019
Tennessee,2015,2015,2014,black,0.212,0.382,0.171
Texas,2015,2015,2014,black,0.239,0.363,0.124
Utah,2015,2015,2014,black,0.090,0.103,0.013
Vermont,2015,2015,2014,black,0.076,0.088,0.012
Virginia,2015,2015,2014,black,0.340,0.537,0.197
Washington,2015,2015,2014,black,0.171,0.211,0.040
West Virginia,2015,2015,2014,black,0.122,0.157,0.036
Wisconsin,2015,2015,2014,black,0.290,0.355,0.066
Wyoming,2015,2015,2014,black,0.023,0.038,0.014
Puerto Rico,2015,2015,2014,black,0.074,0.159,0.084
Alabama,2015,2015,2014,white,-0.240,0.457,0.697
Alaska,2015,2015,2014,white,-0.287,0.381,0.668
Arizona,2015,2015,2014,white,-0.161,0.677,0.838
Arkansas,2015,2015,2014,white,-0.195,0.603,0.797
California,2015,2015,2014,white,-0.177,0.556,0.733
Colorado,2015,2015,2014,white,-0.211,0.667,0.878
Connecticut,2015,2015,2014,white,-0.278,0.535,0.813
Delaware,2015,2015,2014,white,-0.320,0.387,0.707
District of Columbia,2015,2015,2014,white,-0.376,0.061,0.437
Florida,2015,2015,2014,white,-0.196,0.583,0.779
Georgia,2015,2015,2014,white,-0.307,0.312,0.620
Hawaii,2015,2015,2014,white,-0.017,0.243,0.260
Idaho,2015,2015,2014,white,-0.055,0.881,0.936
Illinois,2015,2015,2014,white,-0.419,0.356,0.775
Indiana,2015,2015,2014,white,-0.264,0.596,0.861
Iowa,2015,2015,2014,white,-0.280,0.640,0.920
Kansas,2015,2015,2014,white,-0.227,0.643,0.870
Kentucky,2015,2015,2014,white,-0.203,0.680,0.883
Louisiana,2015,2015,2014,white,-0.257,0.376,0.634
Maine,2015,2015,2014,white,-0.092,0.858,0.951
Maryland,2015,2015,2014,white,-0.241,0.359,0.600
Massachusetts,2015,2015,2014,white,-0.262,0.564,0.826
Michigan,2015,2015,2014,white,-0.360,0.439,0.799
Minnesota,2015,2015,2014,white,-0.507,0.350,0.857
Mississippi,2015,2015,2014,white,-0.305,0.291,0.596
Missouri,2015,2015,2014,white,-0.287,0.548,0.835
Montana,2015,2015,2014,white,-0.145,0.750,0.894
Nebraska,2015,2015,2014,white,-0.226,0.667,0.893
Nevada,2015,2015,2014,white,-0.236,0.527,0.762
New Hampshire,2015,2015,2014,white,-0.033,0.908,0.941
New Jersey,2015,2015,2014,white,-0.301,0.429,0.730
New Mexico,2015,2015,2014,white,-0.170,0.657,0.827
New York,2015,2015,2014,white,-0.459,0.246,0.705
North Carolina,2015,2015,2014,white,-0.293,0.421,0.714
North Dakota,2015,2015,2014,white,-0.297,0.593,0.890
Ohio,2015,2015,2014,white,-0.334,0.495,0.829
Oklahoma,2015,2015,2014,white,-0.100,0.651,0.751
Oregon,2015,2015,2014,white,-0.070,0.809,0.879
Pennsylvania,2015,2015,2014,white,-0.408,0.421,0.828
Rhode Island,2015,2015,2014,white,-0.162,0.689,0.851
South Carolina,2015,2015,2014,white,-0.263,0.421,0.684
South Dakota,2015,2015,2014,white,-0.467,0.389,0.856
Tennessee,2015,2015,2014,white,-0.201,0.589,0.789
Texas,2015,2015,2014,white,-0.221,0.579,0.800
Utah,2015,2015,2014,white,-0.135,0.780,0.915
Vermont,2015,2015,2014,white,-0.055,0.895,0.950
Virginia,2015,2015,2014,white,-0.320,0.386,0.706
Washington,2015,2015,2014,white,-0.197,0.611,0.808
West Virginia,2015,2015,2014,white,-0.123,0.815,0.938
Wisconsin,2015,2015,2014,white,-0.337,0.541,0.878
Wyoming,2015,2015,2014,white,-0.142,0.787,0.929
Puerto Rico,2015,2015,2014,white,-0.291,0.419,0.710
Alabama,2015,2015,2014,asian,-0.012,0.001,0.013
Alaska,2015,2015,2014,asian,-0.051,0.009,0.060
Arizona,2015,2015,2014,asian,-0.027,0.006,0.033
Arkansas,2015,2015,2014,asian,-0.012,0.003,0.015
California,2015,2015,2014,asian,-0.125,0.019,0.143
Colorado,2015,2015,2014,asian,-0.022,0.009,0.031
Connecticut,2015,2015,2014,asian,-0.035,0.009,0.045
Delaware,2015,2015,2014,asian,-0.035,0.003,0.038
District of Columbia,2015,2015,2014,asian,-0.030,0.008,0.039
Florida,2015,2015,2014,asian,-0.024,0.003,0.027
Georgia,2015,2015,2014,asian,-0.035,0.003,0.038
Hawaii,2015,2015,2014,asian,-0.316,0.063,0.379
Idaho,2015,2015,2014,asian,-0.008,0.006,0.014
Illinois,2015,2015,2014,asian,-0.045,0.008,0.053
Indiana,2015,2015,2014,asian,-0.017,0.003,0.020
Iowa,2015,2015,2014,asian,-0.018,0.005,0.023
Kansas,2015,2015,2014,asian,-0.023,0.005,0.028
Kentucky,2015,2015,2014,asian,-0.012,0.002,0.014
Louisiana,2015,2015,2014,asian,-0.012,0.005,0.017
Maine,2015,2015,2014,asian,-0.009,0.003,0.012
Maryland,2015,2015,2014,asian,-0.056,0.007,0.063
Massachusetts,2015,2015,2014,asian,-0.053,0.010,0.063
Michigan,2015,2015,2014,asian,-0.026,0.003,0.029
Minnesota,2015,2015,2014,asian,-0.031,0.016,0.047
Mississippi,2015,2015,2014,asian,-0.009,0.001,0.010
Missouri,2015,2015,2014,asian,-0.016,0.003,0.019
Montana,2015,2015,2014,asian,-0.008,0.000,0.008
Nebraska,2015,2015,2014,asian,-0.013,0.009,0.022
Nevada,2015,2015,2014,asian,-0.056,0.027,0.083
New Hampshire,2015,2015,2014,asian,-0.021,0.004,0.025
New Jersey,2015,2015,2014,asian,-0.084,0.010,0.094
New Mexico,2015,2015,2014,asian,-0.012,0.005,0.016
New York,2015,2015,2014,asian,-0.075,0.010,0.084
North Carolina,2015,2015,2014,asian,-0.022,0.005,0.027
North Dakota,2015,2015,2014,asian,-0.001,0.012,0.013
Ohio,2015,2015,2014,asian,-0.017,0.003,0.020
Oklahoma,2015,2015,2014,asian,-0.019,0.002,0.021
Oregon,2015,2015,2014,asian,-0.032,0.010,0.042
Pennsylvania,2015,2015,2014,asian,-0.028,0.005,0.033
Rhode Island,2015,2015,2014,asian,-0.030,0.004,0.034
South Carolina,2015,2015,2014,asian,-0.013,0.002,0.015
South Dakota,2015,2015,2014,asian,-0.010,0.003,0.013
Tennessee,2015,2015,2014,asian,-0.015,0.002,0.017
Texas,2015,2015,2014,asian,-0.039,0.006,0.045
Utah,2015,2015,2014,asian,-0.012,0.012,0.024
Vermont,2015,2015,2014,asian,-0.014,0.002,0.016
Virginia,2015,2015,2014,asian,-0.047,0.016,0.063
Washington,2015,2015,2014,asian,-0.062,0.019,0.081
West Virginia,2015,2015,2014,asian,-0.007,0.001,0.008
Wisconsin,2015,2015,2014,asian,-0.017,0.009,0.027
Wyoming,2015,2015,2014,asian,-0.010,0.000,0.010
Puerto Rico,2015,2015,2014,asian,-0.002,0.000,0.002
Alabama,2015,2015,2014,nativeAmerican,-0.002,0.005,0.007
Alaska,2015,2015,2014,nativeAmerican,0.300,0.451,0.151
Arizona,2015,2015,2014,nativeAmerican,0.032,0.086,0.054
Arkansas,2015,2015,2014,nativeAmerican,0.003,0.013,0.009
California,2015,2015,2014,nativeAmerican,0.025,0.041,0.016
Colorado,2015,2015,2014,nativeAmerican,0.032,0.048,0.016
Connecticut,2015,2015,2014,nativeAmerican,0.007,0.012,0.005
Delaware,2015,2015,2014,nativeAmerican,0.005,0.012,0.006
District of Columbia,2015,2015,2014,nativeAmerican,-0.002,0.004,0.006
Florida,2015,2015,2014,nativeAmerican,0.006,0.010,0.005
Georgia,2015,2015,2014,nativeAmerican,-0.003,0.002,0.005
Hawaii,2015,2015,2014,nativeAmerican,0.008,0.012,0.004
Idaho,2015,2015,2014,nativeAmerican,0.038,0.055,0.017
Illinois,2015,2015,2014,nativeAmerican,-0.002,0.004,0.006
Indiana,2015,2015,2014,nativeAmerican,0.004,0.008,0.004
Iowa,2015,2015,2014,nativeAmerican,0.017,0.022,0.005
Kansas,2015,2015,2014,nativeAmerican,0.030,0.042,0.012
Kentucky,2015,2015,2014,nativeAmerican,0.005,0.008,0.003
Louisiana,2015,2015,2014,nativeAmerican,0.005,0.012,0.008
Maine,2015,2015,2014,nativeAmerican,0.004,0.011,0.007
Maryland,2015,2015,2014,nativeAmerican,0.001,0.006,0.006
Massachusetts,2015,2015,2014,nativeAmerican,0.000,0.005,0.005
Michigan,2015,2015,2014,nativeAmerican,0.000,0.008,0.007
Minnesota,2015,2015,2014,nativeAmerican,0.075,0.088,0.013
Mississippi,2015,2015,2014,nativeAmerican,-0.001,0.005,0.006
Missouri,2015,2015,2014,nativeAmerican,0.001,0.006,0.005
Montana,2015,2015,2014,nativeAmerican,0.121,0.188,0.066
Nebraska,2015,2015,2014,nativeAmerican,0.029,0.043,0.014
Nevada,2015,2015,2014,nativeAmerican,0.005,0.021,0.016
New Hampshire,2015,2015,2014,nativeAmerican,-0.001,0.001,0.003
New Jersey,2015,2015,2014,nativeAmerican,-0.004,0.002,0.006
New Mexico,2015,2015,2014,nativeAmerican,0.117,0.223,0.106
New York,2015,2015,2014,nativeAmerican,0.000,0.009,0.010
North Carolina,2015,2015,2014,nativeAmerican,0.001,0.016,0.016
North Dakota,2015,2015,2014,nativeAmerican,0.086,0.141,0.055
Ohio,2015,2015,2014,nativeAmerican,0.003,0.005,0.003
Oklahoma,2015,2015,2014,nativeAmerican,0.017,0.109,0.092
Oregon,2015,2015,2014,nativeAmerican,0.027,0.045,0.018
Pennsylvania,2015,2015,2014,nativeAmerican,0.002,0.005,0.003
Rhode Island,2015,2015,2014,nativeAmerican,-0.003,0.006,0.010
South Carolina,2015,2015,2014,nativeAmerican,0.003,0.008,0.005
South Dakota,2015,2015,2014,nativeAmerican,0.415,0.506,0.090
Tennessee,2015,2015,2014,nativeAmerican,0.003,0.007,0.004
Texas,2015,2015,2014,nativeAmerican,0.008,0.018,0.010
Utah,2015,2015,2014,nativeAmerican,0.027,0.042,0.015
Vermont,2015,2015,2014,nativeAmerican,0.000,0.003,0.004
Virginia,2015,2015,2014,nativeAmerican,0.004,0.009,0.005
Washington,2015,2015,2014,nativeAmerican,0.026,0.045,0.019
West Virginia,2015,2015,2014,nativeAmerican,0.003,0.005,0.002
Wisconsin,2015,2015,2014,nativeAmerican,0.026,0.037,0.011
Wyoming,2015,2015,2014,nativeAmerican,0.095,0.122,0.027
Puerto Rico,2015,2015,2014,nativeAmerican,0.008,0.011,0.003
Alabama,2015,2015,2014,nhpi,-0.001,0.000,0.001
Alaska,2015,2015,2014,nhpi,0.019,0.032,0.013
Arizona,2015,2015,2014,nhpi,0.003,0.006,0.003
Arkansas,2015,2015,2014,nhpi,0.009,0.011,0.003
California,2015,2015,2014,nhpi,0.006,0.011,0.005
Colorado,2015,2015,2014,nhpi,0.002,0.003,0.002
Connecticut,2015,2015,2014,nhpi,0.030,0.031,0.001
Delaware,2015,2015,2014,nhpi,0.002,0.003,0.001
District of Columbia,2015,2015,2014,nhpi,0.000,0.002,0.002
Florida,2015,2015,2014,nhpi,0.002,0.003,0.001
Georgia,2015,2015,2014,nhpi,0.003,0.004,0.001
Hawaii,2015,2015,2014,nhpi,0.288,0.391,0.102
Idaho,2015,2015,2014,nhpi,0.006,0.008,0.002
Illinois,2015,2015,2014,nhpi,0.001,0.002,0.001
Indiana,2015,2015,2014,nhpi,0.002,0.003,0.001
Iowa,2015,2015,2014,nhpi,0.005,0.006,0.001
Kansas,2015,2015,2014,nhpi,0.002,0.003,0.001
Kentucky,2015,2015,2014,nhpi,0.002,0.003,0.001
Louisiana,2015,2015,2014,nhpi,0.003,0.003,0.001
Maine,2015,2015,2014,nhpi,0.003,0.003,0.000
Maryland,2015,2015,2014,nhpi,0.003,0.004,0.001
Massachusetts,2015,2015,2014,nhpi,0.006,0.007,0.001
Michigan,2015,2015,2014,nhpi,0.002,0.002,0.000
Minnesota,2015,2015,2014,nhpi,0.003,0.004,0.001
Mississippi,2015,2015,2014,nhpi,0.006,0.007,0.001
Missouri,2015,2015,2014,nhpi,0.003,0.004,0.001
Montana,2015,2015,2014,nhpi,0.002,0.003,0.001
Nebraska,2015,2015,2014,nhpi,0.005,0.006,0.001
Nevada,2015,2015,2014,nhpi,0.001,0.008,0.007
New Hampshire,2015,2015,2014,nhpi,0.000,0.001,0.000
New Jersey,2015,2015,2014,nhpi,0.002,0.003,0.001
New Mexico,2015,2015,2014,nhpi,0.005,0.006,0.002
New York,2015,2015,2014,nhpi,0.014,0.016,0.001
North Carolina,2015,2015,2014,nhpi,0.000,0.002,0.001
North Dakota,2015,2015,2014,nhpi,0.003,0.004,0.001
Ohio,2015,2015,2014,nhpi,0.001,0.002,0.001
Oklahoma,2015,2015,2014,nhpi,0.001,0.003,0.002
Oregon,2015,2015,2014,nhpi,0.008,0.012,0.004
Pennsylvania,2015,2015,2014,nhpi,0.001,0.002,0.001
Rhode Island,2015,2015,2014,nhpi,0.000,0.002,0.002
South Carolina,2015,2015,2014,nhpi,0.003,0.004,0.001
South Dakota,2015,2015,2014,nhpi,0.002,0.003,0.001
Tennessee,2015,2015,2014,nhpi,0.002,0.003,0.001
Texas,2015,2015,2014,nhpi,0.003,0.004,0.001
Utah,2015,2015,2014,nhpi,0.015,0.024,0.010
Vermont,2015,2015,2014,nhpi,0.002,0.002,0.000
Virginia,2015,2015,2014,nhpi,0.001,0.002,0.001
Washington,2015,2015,2014,nhpi,0.018,0.025,0.007
West Virginia,2015,2015,2014,nhpi,0.001,0.002,0.000
Wisconsin,2015,2015,2014,nhpi,0.007,0.007,0.001
Wyoming,2015,2015,2014,nhpi,0.000,0.001,0.001
Puerto Rico,2015,2015,2014,nhpi,0.004,0.004,0.000
Alabama,2015,2015,2014,multipleRaces,-0.005,0.011,0.016
Alaska,2015,2015,2014,multipleRaces,-0.018,0.053,0.071
Arizona,2015,2015,2014,multipleRaces,0.021,0.048,0.027
Arkansas,2015,2015,2014,multipleRaces,-0.001,0.018,0.019
California,2015,2015,2014,multipleRaces,0.058,0.095,0.037
Colorado,2015,2015,2014,multipleRaces,0.048,0.077,0.029
Connecticut,2015,2015,2014,multipleRaces,0.003,0.025,0.022
Delaware,2015,2015,2014,multipleRaces,0.032,0.057,0.025
District of Columbia,2015,2015,2014,multipleRaces,-0.005,0.022,0.026
Florida,2015,2015,2014,multipleRaces,0.014,0.034,0.020
Georgia,2015,2015,2014,multipleRaces,0.010,0.030,0.020
Hawaii,2015,2015,2014,multipleRaces,0.022,0.257,0.234
Idaho,2015,2015,2014,multipleRaces,-0.008,0.014,0.022
Illinois,2015,2015,2014,multipleRaces,0.021,0.039,0.018
Indiana,2015,2015,2014,multipleRaces,0.016,0.035,0.019
Iowa,2015,2015,2014,multipleRaces,0.049,0.067,0.017
Kansas,2015,2015,2014,multipleRaces,0.033,0.061,0.028
Kentucky,2015,2015,2014,multipleRaces,0.026,0.043,0.018
Louisiana,2015,2015,2014,multipleRaces,0.000,0.016,0.015
Maine,2015,2015,2014,multipleRaces,0.019,0.035,0.016
Maryland,2015,2015,2014,multipleRaces,0.010,0.037,0.027
Massachusetts,2015,2015,2014,multipleRaces,0.053,0.075,0.022
Michigan,2015,2015,2014,multipleRaces,0.018,0.041,0.023
Minnesota,2015,2015,2014,multipleRaces,0.060,0.083,0.023
Mississippi,2015,2015,2014,multipleRaces,-0.008,0.004,0.012
Missouri,2015,2015,2014,multipleRaces,0.022,0.043,0.021
Montana,2015,2015,2014,multipleRaces,0.012,0.037,0.026
Nebraska,2015,2015,2014,multipleRaces,0.041,0.061,0.020
Nevada,2015,2015,2014,multipleRaces,0.009,0.049,0.040
New Hampshire,2015,2015,2014,multipleRaces,0.026,0.042,0.016
New Jersey,2015,2015,2014,multipleRaces,-0.016,0.005,0.021
New Mexico,2015,2015,2014,multipleRaces,0.003,0.027,0.024
New York,2015,2015,2014,multipleRaces,0.014,0.038,0.024
North Carolina,2015,2015,2014,multipleRaces,0.001,0.022,0.021
North Dakota,2015,2015,2014,multipleRaces,0.053,0.072,0.019
Ohio,2015,2015,2014,multipleRaces,0.020,0.041,0.021
Oklahoma,2015,2015,2014,multipleRaces,-0.016,0.042,0.058
Oregon,2015,2015,2014,multipleRaces,0.023,0.059,0.036
Pennsylvania,2015,2015,2014,multipleRaces,0.017,0.035,0.018
Rhode Island,2015,2015,2014,multipleRaces,0.015,0.041,0.026
South Carolina,2015,2015,2014,multipleRaces,0.002,0.019,0.017
South Dakota,2015,2015,2014,multipleRaces,-0.006,0.015,0.022
Tennessee,2015,2015,2014,multipleRaces,-0.001,0.017,0.018
Texas,2015,2015,2014,multipleRaces,0.011,0.029,0.018
Utah,2015,2015,2014,multipleRaces,0.016,0.039,0.023
Vermont,2015,2015,2014,multipleRaces,-0.008,0.010,0.018
Virginia,2015,2015,2014,multipleRaces,0.022,0.050,0.028
Washington,2015,2015,2014,multipleRaces,0.045,0.089,0.044
West Virginia,2015,2015,2014,multipleRaces,0.005,0.021,0.016
Wisconsin,2015,2015,2014,multipleRaces,0.033,0.050,0.018
Wyoming,2015,2015,2014,multipleRaces,0.033,0.053,0.019
Puerto Rico,2015,2015,2014,multipleRaces,0.343,0.407,0.064
Alabama,2015,2015,2014,hispanic,-0.023,0.017,0.040
Alaska,2015,2015,2014,hispanic,-0.019,0.048,0.067
Arizona,2015,2015,2014,hispanic,-0.065,0.241,0.305
Arkansas,2015,2015,2014,hispanic,0.093,0.163,0.070
California,2015,2015,2014,hispanic,-0.113,0.273,0.386
Colorado,2015,2015,2014,hispanic,0.085,0.296,0.211
Connecticut,2015,2015,2014,hispanic,0.128,0.278,0.150
Delaware,2015,2015,2014,hispanic,-0.032,0.057,0.088
District of Columbia,2015,2015,2014,hispanic,-0.052,0.053,0.105
Florida,2015,2015,2014,hispanic,-0.102,0.139,0.241
Georgia,2015,2015,2014,hispanic,-0.041,0.051,0.092
Hawaii,2015,2015,2014,hispanic,0.023,0.123,0.101
Idaho,2015,2015,2014,hispanic,0.001,0.121,0.120
Illinois,2015,2015,2014,hispanic,-0.030,0.137,0.166
Indiana,2015,2015,2014,hispanic,-0.028,0.037,0.065
Iowa,2015,2015,2014,hispanic,0.025,0.080,0.056
Kansas,2015,2015,2014,hispanic,-0.010,0.104,0.113
Kentucky,2015,2015,2014,hispanic,-0.004,0.030,0.034
Louisiana,2015,2015,2014,hispanic,-0.024,0.024,0.048
Maine,2015,2015,2014,hispanic,0.017,0.032,0.015
Maryland,2015,2015,2014,hispanic,-0.033,0.060,0.093
Massachusetts,2015,2015,2014,hispanic,0.242,0.351,0.108
Michigan,2015,2015,2014,hispanic,0.003,0.050,0.048
Minnesota,2015,2015,2014,hispanic,0.030,0.081,0.051
Mississippi,2015,2015,2014,hispanic,-0.019,0.011,0.029
Missouri,2015,2015,2014,hispanic,0.000,0.039,0.039
Montana,2015,2015,2014,hispanic,0.042,0.076,0.035
Nebraska,2015,2015,2014,hispanic,0.043,0.145,0.102
Nevada,2015,2015,2014,hispanic,-0.116,0.162,0.278
New Hampshire,2015,2015,2014,hispanic,0.050,0.083,0.033
New Jersey,2015,2015,2014,hispanic,-0.013,0.180,0.193
New Mexico,2015,2015,2014,hispanic,-0.055,0.423,0.478
New York,2015,2015,2014,hispanic,0.132,0.318,0.186
North Carolina,2015,2015,2014,hispanic,-0.038,0.050,0.089
North Dakota,2015,2015,2014,hispanic,0.037,0.069,0.032
Ohio,2015,2015,2014,hispanic,0.000,0.034,0.035
Oklahoma,2015,2015,2014,hispanic,-0.033,0.066,0.099
Oregon,2015,2015,2014,hispanic,-0.007,0.117,0.124
Pennsylvania,2015,2015,2014,hispanic,0.072,0.137,0.066
Rhode Island,2015,2015,2014,hispanic,0.111,0.252,0.141
South Carolina,2015,2015,2014,hispanic,-0.028,0.026,0.053
South Dakota,2015,2015,2014,hispanic,-0.020,0.015,0.036
Tennessee,2015,2015,2014,hispanic,-0.029,0.021,0.050
Texas,2015,2015,2014,hispanic,-0.093,0.293,0.386
Utah,2015,2015,2014,hispanic,0.084,0.218,0.135
Vermont,2015,2015,2014,hispanic,0.013,0.031,0.017
Virginia,2015,2015,2014,hispanic,-0.018,0.069,0.087
Washington,2015,2015,2014,hispanic,0.020,0.141,0.121
West Virginia,2015,2015,2014,hispanic,0.007,0.021,0.014
Wisconsin,2015,2015,2014,hispanic,0.020,0.085,0.064
Wyoming,2015,2015,2014,hispanic,0.064,0.162,0.097
Puerto Rico,2015,2015,2014,hispanic,-0.024,0.967,0.990
Alabama,2015,2015,2014,nonHispanic,0.023,0.983,0.960
Alaska,2015,2015,2014,nonHispanic,0.019,0.952,0.933
Arizona,2015,2015,2014,nonHispanic,0.065,0.759,0.695
Arkansas,2015,2015,2014,nonHispanic,-0.093,0.837,0.930
California,2015,2015,2014,nonHispanic,0.113,0.727,0.614
Colorado,2015,2015,2014,nonHispanic,-0.085,0.704,0.789
Connecticut,2015,2015,2014,nonHispanic,-0.128,0.722,0.850
Delaware,2015,2015,2014,nonHispanic,0.032,0.943,0.912
District of Columbia,2015,2015,2014,nonHispanic,0.052,0.947,0.895
Florida,2015,2015,2014,nonHispanic,0.102,0.861,0.759
Georgia,2015,2015,2014,nonHispanic,0.041,0.949,0.908
Hawaii,2015,2015,2014,nonHispanic,-0.023,0.877,0.899
Idaho,2015,2015,2014,nonHispanic,-0.001,0.879,0.880
Illinois,2015,2015,2014,nonHispanic,0.030,0.863,0.834
Indiana,2015,2015,2014,nonHispanic,0.028,0.963,0.935
Iowa,2015,2015,2014,nonHispanic,-0.025,0.920,0.944
Kansas,2015,2015,2014,nonHispanic,0.010,0.896,0.887
Kentucky,2015,2015,2014,nonHispanic,0.004,0.970,0.966
Louisiana,2015,2015,2014,nonHispanic,0.024,0.976,0.952
Maine,2015,2015,2014,nonHispanic,-0.017,0.968,0.985
Maryland,2015,2015,2014,nonHispanic,0.033,0.940,0.907
Massachusetts,2015,2015,2014,nonHispanic,-0.242,0.649,0.892
Michigan,2015,2015,2014,nonHispanic,-0.003,0.950,0.952
Minnesota,2015,2015,2014,nonHispanic,-0.030,0.919,0.949
Mississippi,2015,2015,2014,nonHispanic,0.019,0.989,0.971
Missouri,2015,2015,2014,nonHispanic,0.000,0.961,0.961
Montana,2015,2015,2014,nonHispanic,-0.042,0.924,0.965
Nebraska,2015,2015,2014,nonHispanic,-0.043,0.855,0.898
Nevada,2015,2015,2014,nonHispanic,0.116,0.838,0.722
New Hampshire,2015,2015,2014,nonHispanic,-0.050,0.917,0.967
New Jersey,2015,2015,2014,nonHispanic,0.013,0.820,0.807
New Mexico,2015,2015,2014,nonHispanic,0.055,0.577,0.522
New York,2015,2015,2014,nonHispanic,-0.132,0.682,0.814
North Carolina,2015,2015,2014,nonHispanic,0.038,0.950,0.911
North Dakota,2015,2015,2014,nonHispanic,-0.037,0.931,0.968
Ohio,2015,2015,2014,nonHispanic,0.000,0.966,0.965
Oklahoma,2015,2015,2014,nonHispanic,0.033,0.934,0.901
Oregon,2015,2015,2014,nonHispanic,0.007,0.883,0.876
Pennsylvania,2015,2015,2014,nonHispanic,-0.072,0.863,0.934
Rhode Island,2015,2015,2014,nonHispanic,-0.111,0.748,0.859
South Carolina,2015,2015,2014,nonHispanic,0.028,0.974,0.947
South Dakota,2015,2015,2014,nonHispanic,0.020,0.985,0.964
Tennessee,2015,2015,2014,nonHispanic,0.029,0.979,0.950
Texas,2015,2015,2014,nonHispanic,0.093,0.707,0.614
Utah,2015,2015,2014,nonHispanic,-0.084,0.782,0.865
Vermont,2015,2015,2014,nonHispanic,-0.013,0.969,0.983
Virginia,2015,2015,2014,nonHispanic,0.018,0.931,0.913
Washington,2015,2015,2014,nonHispanic,-0.020,0.859,0.879
West Virginia,2015,2015,2014,nonHispanic,-0.007,0.979,0.986
Wisconsin,2015,2015,2014,nonHispanic,-0.020,0.915,0.936
Wyoming,2015,2015,2014,nonHispanic,-0.064,0.838,0.903
Puerto Rico,2015,2015,2014,nonHispanic,0.024,0.033,0.010
